-- phpMyAdmin SQL Dump
-- version 5.2.0
-- https://www.phpmyadmin.net/
--
-- Host: localhost:3306
-- Generation Time: Aug 29, 2024 at 02:21 PM
-- Server version: 8.0.30
-- PHP Version: 8.1.10

SET SQL_MODE = "NO_AUTO_VALUE_ON_ZERO";
START TRANSACTION;
SET time_zone = "+00:00";


/*!40101 SET @OLD_CHARACTER_SET_CLIENT=@@CHARACTER_SET_CLIENT */;
/*!40101 SET @OLD_CHARACTER_SET_RESULTS=@@CHARACTER_SET_RESULTS */;
/*!40101 SET @OLD_COLLATION_CONNECTION=@@COLLATION_CONNECTION */;
/*!40101 SET NAMES utf8mb4 */;

--
-- Database: `memory_game`
--

-- --------------------------------------------------------

--
-- Table structure for table `cards`
--

CREATE TABLE `cards` (
  `id` int NOT NULL,
  `card_value` varchar(50) NOT NULL,
  `is_matched` tinyint(1) DEFAULT '0'
) ENGINE=InnoDB DEFAULT CHARSET=utf8mb4 COLLATE=utf8mb4_0900_ai_ci;

--
-- Dumping data for table `cards`
--

INSERT INTO `cards` (`id`, `card_value`, `is_matched`) VALUES
(1, 'Card 1', 0),
(2, 'Card 1', 0),
(3, 'Card 2', 0),
(4, 'Card 2', 0),
(5, 'Card 3', 0),
(6, 'Card 3', 0),
(7, 'Card 4', 0),
(8, 'Card 4', 0),
(9, 'Card 5', 0),
(10, 'Card 5', 0),
(11, 'Card 6', 0),
(12, 'Card 6', 0),
(13, 'Card 7', 0),
(14, 'Card 7', 0),
(15, 'Card 8', 0),
(16, 'Card 8', 0),
(17, 'Card 9', 0),
(18, 'Card 9', 0),
(19, 'Card 10', 0),
(20, 'Card 10', 0),
(21, 'Card 11', 0),
(22, 'Card 11', 0),
(23, 'Card 12', 0),
(24, 'Card 12', 0);

-- --------------------------------------------------------

--
-- Table structure for table `game_cards`
--

CREATE TABLE `game_cards` (
  `id` int NOT NULL,
  `session_id` int DEFAULT NULL,
  `card_id` int DEFAULT NULL,
  `position` int DEFAULT NULL,
  `status` tinyint DEFAULT '0'
) ENGINE=InnoDB DEFAULT CHARSET=utf8mb4 COLLATE=utf8mb4_0900_ai_ci;

--
-- Dumping data for table `game_cards`
--

INSERT INTO `game_cards` (`id`, `session_id`, `card_id`, `position`, `status`) VALUES
(1, 1, 18, 0, 0),
(2, 1, 16, 1, 0),
(3, 1, 19, 2, 0),
(4, 1, 1, 3, 0),
(5, 1, 8, 4, 0),
(6, 1, 15, 5, 0),
(7, 1, 22, 6, 0),
(8, 1, 21, 7, 0),
(9, 1, 6, 8, 0),
(10, 1, 7, 9, 0),
(11, 1, 10, 10, 0),
(12, 1, 14, 11, 0),
(13, 2, 2, 0, 0),
(14, 2, 21, 1, 0),
(15, 2, 4, 2, 0),
(16, 2, 20, 3, 0),
(17, 2, 14, 4, 0),
(18, 2, 9, 5, 0),
(19, 3, 17, 0, 0),
(20, 3, 9, 1, 0),
(21, 3, 20, 2, 0),
(22, 3, 12, 3, 0),
(23, 3, 13, 4, 0),
(24, 3, 22, 5, 0),
(25, 4, 6, 0, 0),
(26, 4, 12, 1, 0),
(27, 4, 22, 2, 0),
(28, 4, 10, 3, 0),
(29, 4, 3, 4, 0),
(30, 4, 4, 5, 0),
(31, 4, 7, 6, 0),
(32, 4, 18, 7, 0),
(33, 4, 5, 8, 0),
(34, 4, 14, 9, 0),
(35, 4, 20, 10, 0),
(36, 4, 11, 11, 0),
(37, 4, 16, 12, 0),
(38, 4, 15, 13, 0),
(39, 5, 9, 0, 0),
(40, 5, 10, 1, 0),
(41, 5, 15, 2, 0),
(42, 5, 7, 3, 0),
(43, 5, 14, 4, 0),
(44, 5, 18, 5, 0),
(45, 5, 20, 6, 0),
(46, 5, 24, 7, 0),
(47, 5, 5, 8, 0),
(48, 5, 22, 9, 0),
(49, 5, 21, 10, 0),
(50, 5, 2, 11, 0),
(51, 5, 12, 12, 0),
(52, 5, 13, 13, 0),
(53, 6, 10, 0, 0),
(54, 6, 8, 1, 0),
(55, 6, 24, 2, 0),
(56, 6, 9, 3, 0),
(57, 6, 13, 4, 0),
(58, 6, 19, 5, 0),
(59, 6, 6, 6, 0),
(60, 6, 1, 7, 0),
(61, 6, 3, 8, 0),
(62, 6, 20, 9, 0),
(63, 6, 4, 10, 0),
(64, 6, 17, 11, 0),
(65, 6, 23, 12, 0),
(66, 6, 14, 13, 0),
(67, 6, 16, 14, 0),
(68, 6, 12, 15, 0),
(69, 6, 15, 16, 0),
(70, 6, 5, 17, 0),
(71, 6, 22, 18, 0),
(72, 6, 18, 19, 0),
(73, 7, 14, 0, 0),
(74, 7, 11, 1, 0),
(75, 7, 17, 2, 0),
(76, 7, 16, 3, 0),
(77, 7, 15, 4, 0),
(78, 7, 9, 5, 0),
(79, 7, 4, 6, 0),
(80, 7, 10, 7, 0),
(81, 7, 5, 8, 0),
(82, 7, 20, 9, 0),
(83, 7, 22, 10, 0),
(84, 7, 13, 11, 0),
(85, 7, 3, 12, 0),
(86, 7, 21, 13, 0),
(87, 7, 23, 14, 0),
(88, 7, 1, 15, 0),
(89, 7, 6, 16, 0),
(90, 7, 12, 17, 0),
(91, 7, 24, 18, 0),
(92, 7, 7, 19, 0),
(93, 8, 17, 0, 0),
(94, 8, 16, 1, 0),
(95, 8, 12, 2, 0),
(96, 8, 24, 3, 0),
(97, 8, 9, 4, 0),
(98, 8, 10, 5, 0),
(99, 8, 20, 6, 0),
(100, 8, 3, 7, 0),
(101, 8, 1, 8, 0),
(102, 8, 21, 9, 0),
(103, 8, 6, 10, 0),
(104, 8, 8, 11, 0),
(105, 8, 22, 12, 0),
(106, 8, 23, 13, 0),
(107, 8, 7, 14, 0),
(108, 8, 11, 15, 0),
(109, 8, 2, 16, 0),
(110, 8, 15, 17, 0),
(111, 8, 14, 18, 0),
(112, 8, 19, 19, 0),
(113, 9, 9, 0, 0),
(114, 9, 7, 1, 0),
(115, 9, 16, 2, 0),
(116, 9, 19, 3, 0),
(117, 9, 18, 4, 0),
(118, 9, 13, 5, 0),
(119, 9, 23, 6, 0),
(120, 9, 3, 7, 0),
(121, 9, 10, 8, 0),
(122, 9, 12, 9, 0),
(123, 9, 1, 10, 0),
(124, 9, 21, 11, 0),
(125, 9, 11, 12, 0),
(126, 9, 17, 13, 0),
(127, 9, 22, 14, 0),
(128, 9, 2, 15, 0),
(129, 9, 20, 16, 0),
(130, 9, 24, 17, 0),
(131, 9, 14, 18, 0),
(132, 9, 6, 19, 0),
(133, 10, 12, 0, 0),
(134, 10, 23, 1, 0),
(135, 10, 7, 2, 0),
(136, 10, 15, 3, 0),
(137, 10, 13, 4, 0),
(138, 10, 10, 5, 0),
(139, 10, 8, 6, 0),
(140, 10, 5, 7, 0),
(141, 10, 14, 8, 0),
(142, 10, 3, 9, 0),
(143, 10, 2, 10, 0),
(144, 10, 19, 11, 0),
(145, 10, 22, 12, 0),
(146, 10, 9, 13, 0),
(147, 10, 1, 14, 0),
(148, 10, 16, 15, 0),
(149, 10, 18, 16, 0),
(150, 10, 4, 17, 0),
(151, 10, 17, 18, 0),
(152, 10, 21, 19, 0),
(153, 11, 21, 0, 0),
(154, 11, 17, 1, 0),
(155, 11, 19, 2, 0),
(156, 11, 9, 3, 0),
(157, 11, 11, 4, 0),
(158, 11, 16, 5, 0),
(159, 11, 3, 6, 0),
(160, 11, 6, 7, 0),
(161, 11, 12, 8, 0),
(162, 11, 15, 9, 0),
(163, 11, 22, 10, 0),
(164, 11, 4, 11, 0),
(165, 11, 24, 12, 0),
(166, 11, 14, 13, 0),
(167, 11, 13, 14, 0),
(168, 11, 23, 15, 0),
(169, 11, 2, 16, 0),
(170, 11, 5, 17, 0),
(171, 11, 20, 18, 0),
(172, 11, 8, 19, 0),
(173, 12, 11, 0, 0),
(174, 12, 6, 1, 0),
(175, 12, 17, 2, 0),
(176, 12, 1, 3, 0),
(177, 12, 2, 4, 0),
(178, 12, 9, 5, 0),
(179, 12, 12, 6, 0),
(180, 12, 18, 7, 0),
(181, 12, 20, 8, 0),
(182, 12, 13, 9, 0),
(183, 12, 23, 10, 0),
(184, 12, 8, 11, 0),
(185, 12, 22, 12, 0),
(186, 12, 10, 13, 0),
(187, 12, 21, 14, 0),
(188, 12, 7, 15, 0),
(189, 12, 19, 16, 0),
(190, 12, 24, 17, 0),
(191, 12, 5, 18, 0),
(192, 12, 15, 19, 0),
(193, 13, 14, 0, 0),
(194, 13, 4, 1, 0),
(195, 13, 13, 2, 0),
(196, 13, 19, 3, 0),
(197, 13, 16, 4, 0),
(198, 13, 2, 5, 0),
(199, 13, 7, 6, 0),
(200, 13, 22, 7, 0),
(201, 13, 24, 8, 0),
(202, 13, 17, 9, 0),
(203, 13, 20, 10, 0),
(204, 13, 15, 11, 0),
(205, 13, 12, 12, 0),
(206, 13, 11, 13, 0),
(207, 13, 3, 14, 0),
(208, 13, 1, 15, 0),
(209, 13, 5, 16, 0),
(210, 13, 21, 17, 0),
(211, 13, 18, 18, 0),
(212, 13, 8, 19, 0),
(213, 14, 11, 0, 0),
(214, 14, 4, 1, 0),
(215, 14, 24, 2, 0),
(216, 14, 6, 3, 0),
(217, 14, 21, 4, 0),
(218, 14, 9, 5, 0),
(219, 14, 16, 6, 0),
(220, 14, 1, 7, 0),
(221, 14, 18, 8, 0),
(222, 14, 13, 9, 0),
(223, 14, 17, 10, 0),
(224, 14, 23, 11, 0),
(225, 14, 15, 12, 0),
(226, 14, 3, 13, 0),
(227, 14, 7, 14, 0),
(228, 14, 8, 15, 0),
(229, 14, 14, 16, 0),
(230, 14, 12, 17, 0),
(231, 14, 10, 18, 0),
(232, 14, 20, 19, 0),
(233, 15, 24, 0, 0),
(234, 15, 19, 1, 0),
(235, 15, 2, 2, 0),
(236, 15, 20, 3, 0),
(237, 15, 16, 4, 0),
(238, 15, 10, 5, 0),
(239, 15, 12, 6, 0),
(240, 15, 22, 7, 0),
(241, 15, 1, 8, 0),
(242, 15, 17, 9, 0),
(243, 15, 13, 10, 0),
(244, 15, 4, 11, 0),
(245, 15, 18, 12, 0),
(246, 15, 5, 13, 0),
(247, 15, 6, 14, 0),
(248, 15, 21, 15, 0),
(249, 15, 11, 16, 0),
(250, 15, 14, 17, 0),
(251, 15, 23, 18, 0),
(252, 15, 8, 19, 0),
(253, 16, 10, 0, 0),
(254, 16, 7, 1, 0),
(255, 16, 24, 2, 0),
(256, 16, 17, 3, 0),
(257, 16, 22, 4, 0),
(258, 16, 5, 5, 0),
(259, 16, 6, 6, 0),
(260, 16, 16, 7, 0),
(261, 16, 14, 8, 0),
(262, 16, 13, 9, 0),
(263, 16, 1, 10, 0),
(264, 16, 9, 11, 0),
(265, 16, 19, 12, 0),
(266, 16, 18, 13, 0),
(267, 16, 23, 14, 0),
(268, 16, 11, 15, 0),
(269, 16, 15, 16, 0),
(270, 16, 8, 17, 0),
(271, 16, 4, 18, 0),
(272, 16, 20, 19, 0),
(273, 17, 3, 0, 0),
(274, 17, 22, 1, 0),
(275, 17, 8, 2, 0),
(276, 17, 16, 3, 0),
(277, 17, 6, 4, 0),
(278, 17, 19, 5, 0),
(279, 18, 14, 0, 0),
(280, 18, 24, 1, 0),
(281, 18, 11, 2, 0),
(282, 18, 5, 3, 0),
(283, 18, 13, 4, 0),
(284, 18, 19, 5, 0),
(285, 18, 4, 6, 0),
(286, 18, 17, 7, 0),
(287, 18, 10, 8, 0),
(288, 18, 12, 9, 0),
(289, 18, 9, 10, 0),
(290, 18, 16, 11, 0),
(291, 19, 13, 0, 0),
(292, 19, 17, 1, 0),
(293, 19, 7, 2, 0),
(294, 19, 16, 3, 0),
(295, 19, 4, 4, 0),
(296, 19, 19, 5, 0),
(297, 19, 20, 6, 0),
(298, 19, 23, 7, 0),
(299, 19, 15, 8, 0),
(300, 19, 6, 9, 0),
(301, 19, 22, 10, 0),
(302, 19, 12, 11, 0),
(303, 20, 12, 0, 0),
(304, 20, 20, 1, 0),
(305, 20, 5, 2, 0),
(306, 20, 10, 3, 0),
(307, 20, 19, 4, 0),
(308, 20, 22, 5, 0),
(309, 20, 21, 6, 0),
(310, 20, 18, 7, 0),
(311, 20, 7, 8, 0),
(312, 20, 17, 9, 0),
(313, 20, 1, 10, 0),
(314, 20, 13, 11, 0),
(315, 21, 13, 0, 0),
(316, 21, 5, 1, 0),
(317, 21, 10, 2, 0),
(318, 21, 21, 3, 0),
(319, 21, 14, 4, 0),
(320, 21, 19, 5, 0),
(321, 21, 22, 6, 0),
(322, 21, 20, 7, 0),
(323, 21, 15, 8, 0),
(324, 21, 17, 9, 0),
(325, 21, 11, 10, 0),
(326, 21, 16, 11, 0),
(327, 22, 14, 0, 0),
(328, 22, 15, 1, 0),
(329, 22, 7, 2, 0),
(330, 22, 1, 3, 0),
(331, 22, 16, 4, 0),
(332, 22, 21, 5, 0),
(333, 22, 13, 6, 0),
(334, 22, 22, 7, 0),
(335, 22, 6, 8, 0),
(336, 22, 9, 9, 0),
(337, 22, 10, 10, 0),
(338, 22, 24, 11, 0),
(339, 22, 12, 12, 0),
(340, 22, 20, 13, 0),
(341, 22, 19, 14, 0),
(342, 22, 2, 15, 0),
(343, 22, 17, 16, 0),
(344, 22, 11, 17, 0),
(345, 22, 5, 18, 0),
(346, 22, 18, 19, 0),
(347, 23, 22, 0, 0),
(348, 23, 10, 1, 0),
(349, 23, 8, 2, 0),
(350, 23, 23, 3, 0),
(351, 23, 17, 4, 0),
(352, 23, 6, 5, 0),
(353, 23, 2, 6, 0),
(354, 23, 24, 7, 0),
(355, 23, 1, 8, 0),
(356, 23, 19, 9, 0),
(357, 23, 13, 10, 0),
(358, 23, 14, 11, 0),
(359, 23, 12, 12, 0),
(360, 23, 7, 13, 0),
(361, 23, 15, 14, 0),
(362, 23, 5, 15, 0),
(363, 23, 11, 16, 0),
(364, 23, 18, 17, 0),
(365, 23, 4, 18, 0),
(366, 23, 20, 19, 0),
(367, 24, 18, 0, 0),
(368, 24, 11, 1, 0),
(369, 24, 21, 2, 0),
(370, 24, 9, 3, 0),
(371, 24, 19, 4, 0),
(372, 24, 12, 5, 0),
(373, 24, 1, 6, 0),
(374, 24, 23, 7, 0),
(375, 24, 15, 8, 0),
(376, 24, 24, 9, 0),
(377, 24, 16, 10, 0),
(378, 24, 20, 11, 0),
(379, 24, 17, 12, 0),
(380, 24, 4, 13, 0),
(381, 24, 2, 14, 0),
(382, 24, 14, 15, 0),
(383, 24, 8, 16, 0),
(384, 24, 7, 17, 0),
(385, 24, 13, 18, 0),
(386, 24, 3, 19, 0),
(387, 25, 14, 0, 0),
(388, 25, 12, 1, 0),
(389, 25, 18, 2, 0),
(390, 25, 4, 3, 0),
(391, 25, 5, 4, 0),
(392, 25, 24, 5, 0),
(393, 26, 4, 0, 0),
(394, 26, 12, 1, 0),
(395, 26, 3, 2, 0),
(396, 26, 18, 3, 0),
(397, 26, 5, 4, 0),
(398, 26, 10, 5, 0),
(399, 27, 12, 0, 0),
(400, 27, 16, 1, 0),
(401, 27, 24, 2, 0),
(402, 27, 1, 3, 0),
(403, 27, 2, 4, 0),
(404, 27, 21, 5, 0),
(405, 27, 14, 6, 0),
(406, 27, 17, 7, 0),
(407, 27, 5, 8, 0),
(408, 27, 20, 9, 0),
(409, 27, 22, 10, 0),
(410, 27, 4, 11, 0),
(411, 28, 17, 0, 0),
(412, 28, 10, 1, 0),
(413, 28, 24, 2, 0),
(414, 28, 7, 3, 0),
(415, 28, 18, 4, 0),
(416, 28, 15, 5, 0),
(417, 29, 23, 0, 0),
(418, 29, 6, 1, 0),
(419, 29, 24, 2, 0),
(420, 29, 2, 3, 0),
(421, 29, 17, 4, 0),
(422, 29, 18, 5, 0),
(423, 30, 23, 0, 0),
(424, 30, 6, 1, 0),
(425, 30, 13, 2, 0),
(426, 30, 1, 3, 0),
(427, 30, 21, 4, 0),
(428, 30, 5, 5, 0),
(429, 30, 17, 6, 0),
(430, 30, 10, 7, 0),
(431, 30, 14, 8, 0),
(432, 30, 24, 9, 0),
(433, 30, 3, 10, 0),
(434, 30, 9, 11, 0),
(435, 30, 19, 12, 0),
(436, 30, 2, 13, 0),
(437, 30, 22, 14, 0),
(438, 30, 12, 15, 0),
(439, 31, 21, 0, 0),
(440, 31, 11, 1, 0),
(441, 31, 6, 2, 0),
(442, 31, 18, 3, 0),
(443, 31, 14, 4, 0),
(444, 31, 2, 5, 0),
(445, 31, 10, 6, 0),
(446, 31, 19, 7, 0),
(447, 31, 8, 8, 0),
(448, 31, 15, 9, 0),
(449, 31, 16, 10, 0),
(450, 31, 5, 11, 0),
(451, 31, 23, 12, 0),
(452, 31, 1, 13, 0),
(453, 31, 22, 14, 0),
(454, 31, 13, 15, 0),
(455, 31, 12, 16, 0),
(456, 31, 3, 17, 0),
(457, 31, 9, 18, 0),
(458, 31, 17, 19, 0),
(459, 32, 9, 0, 0),
(460, 32, 12, 1, 0),
(461, 32, 10, 2, 0),
(462, 32, 7, 3, 0),
(463, 32, 17, 4, 0),
(464, 32, 3, 5, 0),
(465, 32, 21, 6, 0),
(466, 32, 23, 7, 0),
(467, 32, 6, 8, 0),
(468, 32, 4, 9, 0),
(469, 32, 14, 10, 0),
(470, 32, 24, 11, 0),
(471, 32, 16, 12, 0),
(472, 32, 1, 13, 0),
(473, 32, 18, 14, 0),
(474, 32, 5, 15, 0),
(475, 32, 22, 16, 0),
(476, 32, 8, 17, 0),
(477, 32, 20, 18, 0),
(478, 32, 13, 19, 0),
(479, 33, 17, 0, 0),
(480, 33, 18, 1, 0),
(481, 33, 6, 2, 0),
(482, 33, 13, 3, 0),
(483, 33, 10, 4, 0),
(484, 33, 20, 5, 0),
(485, 33, 1, 6, 0),
(486, 33, 5, 7, 0),
(487, 33, 7, 8, 0),
(488, 33, 4, 9, 0),
(489, 33, 21, 10, 0),
(490, 33, 3, 11, 0),
(491, 33, 15, 12, 0),
(492, 33, 11, 13, 0),
(493, 33, 22, 14, 0),
(494, 33, 19, 15, 0),
(495, 33, 16, 16, 0),
(496, 33, 8, 17, 0),
(497, 33, 24, 18, 0),
(498, 33, 12, 19, 0),
(499, 34, 11, 0, 0),
(500, 34, 14, 1, 0),
(501, 34, 24, 2, 0),
(502, 34, 16, 3, 0),
(503, 34, 6, 4, 0),
(504, 34, 1, 5, 0),
(505, 34, 13, 6, 0),
(506, 34, 19, 7, 0),
(507, 34, 18, 8, 0),
(508, 34, 12, 9, 0),
(509, 34, 5, 10, 0),
(510, 34, 23, 11, 0),
(511, 34, 21, 12, 0),
(512, 34, 7, 13, 0),
(513, 34, 8, 14, 0),
(514, 34, 15, 15, 0),
(515, 34, 17, 16, 0),
(516, 34, 2, 17, 0),
(517, 34, 22, 18, 0),
(518, 34, 9, 19, 0),
(519, 35, 4, 0, 0),
(520, 35, 15, 1, 0),
(521, 35, 17, 2, 0),
(522, 35, 9, 3, 0),
(523, 35, 2, 4, 0),
(524, 35, 7, 5, 0),
(525, 35, 19, 6, 0),
(526, 35, 8, 7, 0),
(527, 35, 21, 8, 0),
(528, 35, 3, 9, 0),
(529, 35, 10, 10, 0),
(530, 35, 18, 11, 0),
(531, 35, 5, 12, 0),
(532, 35, 16, 13, 0),
(533, 35, 12, 14, 0),
(534, 35, 6, 15, 0),
(535, 35, 11, 16, 0),
(536, 35, 14, 17, 0),
(537, 35, 20, 18, 0),
(538, 35, 22, 19, 0),
(539, 36, 20, 0, 0),
(540, 36, 19, 1, 0),
(541, 36, 1, 2, 0),
(542, 36, 9, 3, 0),
(543, 36, 24, 4, 0),
(544, 36, 4, 5, 0),
(545, 36, 2, 6, 0),
(546, 36, 15, 7, 0),
(547, 36, 3, 8, 0),
(548, 36, 23, 9, 0),
(549, 36, 14, 10, 0),
(550, 36, 13, 11, 0),
(551, 36, 18, 12, 0),
(552, 36, 17, 13, 0),
(553, 36, 5, 14, 0),
(554, 36, 8, 15, 0),
(555, 36, 21, 16, 0),
(556, 36, 16, 17, 0),
(557, 36, 7, 18, 0),
(558, 36, 6, 19, 0),
(559, 37, 4, 0, 0),
(560, 37, 24, 1, 0),
(561, 37, 14, 2, 0),
(562, 37, 6, 3, 0),
(563, 37, 13, 4, 0),
(564, 37, 11, 5, 0),
(565, 37, 23, 6, 0),
(566, 37, 8, 7, 0),
(567, 37, 1, 8, 0),
(568, 37, 20, 9, 0),
(569, 37, 9, 10, 0),
(570, 37, 16, 11, 0),
(571, 37, 12, 12, 0),
(572, 37, 3, 13, 0),
(573, 37, 17, 14, 0),
(574, 37, 19, 15, 0),
(575, 37, 10, 16, 0),
(576, 37, 5, 17, 0),
(577, 37, 15, 18, 0),
(578, 37, 18, 19, 0),
(579, 38, 7, 0, 0),
(580, 38, 11, 1, 0),
(581, 38, 16, 2, 0),
(582, 38, 4, 3, 0),
(583, 38, 20, 4, 0),
(584, 38, 21, 5, 0),
(585, 38, 9, 6, 0),
(586, 38, 18, 7, 0),
(587, 38, 5, 8, 0),
(588, 38, 1, 9, 0),
(589, 38, 22, 10, 0),
(590, 38, 6, 11, 0),
(591, 38, 13, 12, 0),
(592, 38, 17, 13, 0),
(593, 38, 23, 14, 0),
(594, 38, 2, 15, 0),
(595, 38, 3, 16, 0),
(596, 38, 8, 17, 0),
(597, 38, 15, 18, 0),
(598, 38, 12, 19, 0),
(599, 39, 6, 0, 0),
(600, 39, 2, 1, 0),
(601, 39, 8, 2, 0),
(602, 39, 16, 3, 0),
(603, 39, 11, 4, 0),
(604, 39, 15, 5, 0),
(605, 39, 3, 6, 0),
(606, 39, 14, 7, 0),
(607, 39, 19, 8, 0),
(608, 39, 18, 9, 0),
(609, 39, 13, 10, 0),
(610, 39, 5, 11, 0),
(611, 39, 20, 12, 0),
(612, 39, 22, 13, 0),
(613, 39, 1, 14, 0),
(614, 39, 4, 15, 0),
(615, 39, 12, 16, 0),
(616, 39, 24, 17, 0),
(617, 39, 21, 18, 0),
(618, 39, 23, 19, 0),
(619, 40, 15, 0, 0),
(620, 40, 11, 1, 0),
(621, 40, 10, 2, 0),
(622, 40, 17, 3, 0),
(623, 40, 12, 4, 0),
(624, 40, 16, 5, 0),
(625, 40, 1, 6, 0),
(626, 40, 13, 7, 0),
(627, 40, 22, 8, 0),
(628, 40, 18, 9, 0),
(629, 40, 6, 10, 0),
(630, 40, 21, 11, 0),
(631, 40, 9, 12, 0),
(632, 40, 2, 13, 0),
(633, 40, 3, 14, 0),
(634, 40, 14, 15, 0),
(635, 40, 7, 16, 0),
(636, 40, 5, 17, 0),
(637, 41, 23, 0, 0),
(638, 41, 15, 1, 0),
(639, 41, 9, 2, 0),
(640, 41, 11, 3, 0),
(641, 41, 5, 4, 0),
(642, 41, 24, 5, 0),
(643, 41, 18, 6, 0),
(644, 41, 8, 7, 0),
(645, 41, 6, 8, 0),
(646, 41, 16, 9, 0),
(647, 41, 1, 10, 0),
(648, 41, 20, 11, 0),
(649, 41, 19, 12, 0),
(650, 41, 4, 13, 0),
(651, 41, 13, 14, 0),
(652, 41, 12, 15, 0),
(653, 41, 17, 16, 0),
(654, 41, 3, 17, 0),
(655, 41, 14, 18, 0),
(656, 41, 2, 19, 0),
(657, 45, 18, 0, 0),
(658, 45, 20, 1, 0),
(659, 45, 21, 2, 0),
(660, 45, 3, 3, 0),
(661, 45, 12, 4, 0),
(662, 45, 15, 5, 0),
(663, 46, 10, 0, 0),
(664, 46, 22, 1, 0),
(665, 46, 12, 2, 0),
(666, 46, 6, 3, 0),
(667, 46, 19, 4, 0),
(668, 46, 23, 5, 0),
(669, 47, 13, 0, 0),
(670, 47, 16, 1, 0),
(671, 47, 6, 2, 0),
(672, 47, 21, 3, 0),
(673, 47, 18, 4, 0),
(674, 47, 24, 5, 0),
(675, 47, 15, 6, 0),
(676, 47, 5, 7, 0),
(677, 48, 11, 0, 0),
(678, 48, 23, 1, 0),
(679, 48, 5, 2, 0),
(680, 48, 17, 3, 0),
(681, 48, 12, 4, 0),
(682, 48, 18, 5, 0),
(683, 48, 16, 6, 0),
(684, 48, 9, 7, 0),
(685, 48, 4, 8, 0),
(686, 48, 22, 9, 0),
(687, 48, 14, 10, 0),
(688, 48, 3, 11, 0),
(689, 48, 19, 12, 0),
(690, 48, 10, 13, 0),
(691, 48, 15, 14, 0),
(692, 48, 2, 15, 0),
(693, 48, 6, 16, 0),
(694, 48, 20, 17, 0),
(695, 48, 24, 18, 0),
(696, 48, 1, 19, 0),
(697, 53, 9, 0, 0),
(698, 53, 10, 1, 0),
(699, 53, 3, 2, 0),
(700, 53, 15, 3, 0),
(701, 53, 23, 4, 0),
(702, 53, 24, 5, 0),
(703, 53, 18, 6, 0),
(704, 53, 19, 7, 0),
(705, 53, 6, 8, 0),
(706, 53, 17, 9, 0),
(707, 53, 22, 10, 0),
(708, 53, 11, 11, 0),
(709, 53, 13, 12, 0),
(710, 53, 5, 13, 0),
(711, 53, 20, 14, 0),
(712, 53, 1, 15, 0),
(713, 53, 8, 16, 0),
(714, 53, 2, 17, 0),
(715, 53, 12, 18, 0),
(716, 53, 14, 19, 0);

-- --------------------------------------------------------

--
-- Table structure for table `game_results`
--

CREATE TABLE `game_results` (
  `id` int NOT NULL,
  `player_id` int NOT NULL,
  `completion_time` int NOT NULL,
  `created_at` timestamp NULL DEFAULT CURRENT_TIMESTAMP
) ENGINE=InnoDB DEFAULT CHARSET=utf8mb4 COLLATE=utf8mb4_0900_ai_ci;

-- --------------------------------------------------------

--
-- Table structure for table `game_sessions`
--

CREATE TABLE `game_sessions` (
  `id` int NOT NULL,
  `player_id` int DEFAULT NULL,
  `score` int DEFAULT '0',
  `game_date` timestamp NULL DEFAULT CURRENT_TIMESTAMP
) ENGINE=InnoDB DEFAULT CHARSET=utf8mb4 COLLATE=utf8mb4_0900_ai_ci;

--
-- Dumping data for table `game_sessions`
--

INSERT INTO `game_sessions` (`id`, `player_id`, `score`, `game_date`) VALUES
(1, 1, 0, '2024-08-28 07:37:14'),
(2, 2, 0, '2024-08-28 07:37:24'),
(3, 2, 0, '2024-08-28 07:41:36'),
(4, 2, 0, '2024-08-28 07:42:21'),
(5, 2, 0, '2024-08-28 07:46:47'),
(6, 3, 0, '2024-08-28 07:47:33'),
(7, 3, 0, '2024-08-28 07:50:32'),
(8, 3, 0, '2024-08-28 07:55:00'),
(9, 3, 0, '2024-08-28 07:55:12'),
(10, 3, 0, '2024-08-28 07:59:29'),
(11, 3, 0, '2024-08-28 08:00:43'),
(12, 3, 0, '2024-08-28 08:02:20'),
(13, 3, 0, '2024-08-28 08:02:37'),
(14, 3, 0, '2024-08-28 08:05:00'),
(15, 3, 0, '2024-08-28 08:05:14'),
(16, 3, 0, '2024-08-28 08:08:36'),
(17, 4, 0, '2024-08-28 08:09:27'),
(18, 4, 0, '2024-08-28 08:10:09'),
(19, 4, 0, '2024-08-28 08:13:00'),
(20, 4, 0, '2024-08-28 08:19:45'),
(21, 4, 0, '2024-08-28 08:22:23'),
(22, 4, 0, '2024-08-28 08:22:28'),
(23, 4, 0, '2024-08-28 08:26:58'),
(24, 4, 0, '2024-08-28 08:33:18'),
(25, 5, 0, '2024-08-28 08:33:38'),
(26, 5, 0, '2024-08-28 08:34:39'),
(27, 6, 0, '2024-08-28 08:34:55'),
(28, 7, 0, '2024-08-28 09:43:51'),
(29, 7, 0, '2024-08-28 09:44:08'),
(30, 6, 0, '2024-08-28 09:45:14'),
(31, 8, 0, '2024-08-28 09:49:35'),
(32, 8, 0, '2024-08-28 09:55:05'),
(33, 8, 0, '2024-08-28 09:55:48'),
(34, 8, 0, '2024-08-28 09:56:28'),
(35, 8, 0, '2024-08-28 10:01:34'),
(36, 8, 0, '2024-08-28 10:03:36'),
(37, 8, 0, '2024-08-28 10:04:43'),
(38, 8, 0, '2024-08-28 10:08:30'),
(39, 8, 0, '2024-08-28 10:09:48'),
(40, 9, 0, '2024-08-28 10:13:15'),
(41, 6, 0, '2024-08-28 11:04:20'),
(42, 6, 0, '2024-08-28 11:38:52'),
(43, 6, 0, '2024-08-28 11:43:17'),
(44, 4, 0, '2024-08-28 11:44:28'),
(45, 4, 0, '2024-08-28 11:47:14'),
(46, 4, 0, '2024-08-28 11:47:22'),
(47, 4, 0, '2024-08-28 11:47:33'),
(48, 10, 0, '2024-08-28 11:50:24'),
(49, 10, 0, '2024-08-28 12:02:00'),
(50, 10, 0, '2024-08-28 12:02:02'),
(51, 10, 0, '2024-08-28 12:04:05'),
(52, 10, 0, '2024-08-28 12:04:52'),
(53, 10, 0, '2024-08-28 12:06:37'),
(54, 10, 0, '2024-08-28 12:12:07'),
(55, 10, 0, '2024-08-28 12:12:52'),
(56, 10, 0, '2024-08-28 12:16:01'),
(57, 10, 0, '2024-08-28 12:16:24'),
(58, 10, 0, '2024-08-28 12:18:19'),
(59, 10, 0, '2024-08-28 12:22:09'),
(60, 10, 0, '2024-08-28 12:27:45'),
(61, 10, 0, '2024-08-28 12:33:31'),
(62, 10, 0, '2024-08-28 12:35:51'),
(63, 10, 0, '2024-08-28 12:37:42'),
(64, 10, 0, '2024-08-28 12:40:12'),
(65, 10, 0, '2024-08-28 12:48:31'),
(66, 10, 0, '2024-08-28 12:49:01'),
(67, 4, 0, '2024-08-28 12:49:42'),
(68, 4, 0, '2024-08-28 12:51:48'),
(69, 4, 0, '2024-08-28 12:57:32'),
(70, 4, 0, '2024-08-28 13:04:02'),
(71, NULL, 0, '2024-08-28 13:41:18');

-- --------------------------------------------------------

--
-- Table structure for table `players`
--

CREATE TABLE `players` (
  `id` int NOT NULL,
  `name` varchar(100) NOT NULL,
  `best_score` int DEFAULT '0'
) ENGINE=InnoDB DEFAULT CHARSET=utf8mb4 COLLATE=utf8mb4_0900_ai_ci;

--
-- Dumping data for table `players`
--

INSERT INTO `players` (`id`, `name`, `best_score`) VALUES
(1, 'ady', 0),
(2, 'da', 0),
(3, 'dada', 0),
(4, 'd', 0),
(5, 'hk', 0),
(6, 'k', 0),
(7, 'j', 0),
(8, 'h', 0),
(9, 'r', 0),
(10, 'Rutkarf', 0),
(11, 'Player1', 28);

-- --------------------------------------------------------

--
-- Table structure for table `users`
--

CREATE TABLE `users` (
  `id` int NOT NULL,
  `username` varchar(50) NOT NULL,
  `password` varchar(255) NOT NULL
) ENGINE=InnoDB DEFAULT CHARSET=utf8mb4 COLLATE=utf8mb4_0900_ai_ci;

--
-- Dumping data for table `users`
--

INSERT INTO `users` (`id`, `username`, `password`) VALUES
(1, 'abdela', '$2y$10$kdXSTPmYyU7bvhcRuLK0W.P060LcrpmBiL3UcTreXMjkNzWMADuYO'),
(2, 'abd', '$2y$10$1YB.9lwMmpO55AePW2GK/O6A2RhoxbM.Lf5eQvVFrK8ng19Y9KUpu'),
(3, 'dd', '$2y$10$6sEORkitJWSk4Q4wjAqK2OChu4AatUCZlcfvw9aZ4xJSrfil7iZHG'),
(4, 'cdpi_groupe7_dev1', '$2y$10$CKyar8b5FBLFQPU5b.ypK.3q/p385iUZuqAhZ1HTM2wfCi65OYHte');

--
-- Indexes for dumped tables
--

--
-- Indexes for table `cards`
--
ALTER TABLE `cards`
  ADD PRIMARY KEY (`id`);

--
-- Indexes for table `game_cards`
--
ALTER TABLE `game_cards`
  ADD PRIMARY KEY (`id`),
  ADD KEY `session_id` (`session_id`),
  ADD KEY `card_id` (`card_id`);

--
-- Indexes for table `game_results`
--
ALTER TABLE `game_results`
  ADD PRIMARY KEY (`id`),
  ADD KEY `player_id` (`player_id`);

--
-- Indexes for table `game_sessions`
--
ALTER TABLE `game_sessions`
  ADD PRIMARY KEY (`id`),
  ADD KEY `player_id` (`player_id`);

--
-- Indexes for table `players`
--
ALTER TABLE `players`
  ADD PRIMARY KEY (`id`);

--
-- Indexes for table `users`
--
ALTER TABLE `users`
  ADD PRIMARY KEY (`id`),
  ADD UNIQUE KEY `username` (`username`);

--
-- AUTO_INCREMENT for dumped tables
--

--
-- AUTO_INCREMENT for table `cards`
--
ALTER TABLE `cards`
  MODIFY `id` int NOT NULL AUTO_INCREMENT, AUTO_INCREMENT=25;

--
-- AUTO_INCREMENT for table `game_cards`
--
ALTER TABLE `game_cards`
  MODIFY `id` int NOT NULL AUTO_INCREMENT, AUTO_INCREMENT=717;

--
-- AUTO_INCREMENT for table `game_results`
--
ALTER TABLE `game_results`
  MODIFY `id` int NOT NULL AUTO_INCREMENT;

--
-- AUTO_INCREMENT for table `game_sessions`
--
ALTER TABLE `game_sessions`
  MODIFY `id` int NOT NULL AUTO_INCREMENT, AUTO_INCREMENT=72;

--
-- AUTO_INCREMENT for table `players`
--
ALTER TABLE `players`
  MODIFY `id` int NOT NULL AUTO_INCREMENT, AUTO_INCREMENT=12;

--
-- AUTO_INCREMENT for table `users`
--
ALTER TABLE `users`
  MODIFY `id` int NOT NULL AUTO_INCREMENT, AUTO_INCREMENT=5;

--
-- Constraints for dumped tables
--

--
-- Constraints for table `game_cards`
--
ALTER TABLE `game_cards`
  ADD CONSTRAINT `game_cards_ibfk_1` FOREIGN KEY (`session_id`) REFERENCES `game_sessions` (`id`) ON DELETE CASCADE,
  ADD CONSTRAINT `game_cards_ibfk_2` FOREIGN KEY (`card_id`) REFERENCES `cards` (`id`) ON DELETE CASCADE;

--
-- Constraints for table `game_results`
--
ALTER TABLE `game_results`
  ADD CONSTRAINT `game_results_ibfk_1` FOREIGN KEY (`player_id`) REFERENCES `players` (`id`);

--
-- Constraints for table `game_sessions`
--
ALTER TABLE `game_sessions`
  ADD CONSTRAINT `game_sessions_ibfk_1` FOREIGN KEY (`player_id`) REFERENCES `players` (`id`) ON DELETE CASCADE;
COMMIT;

/*!40101 SET CHARACTER_SET_CLIENT=@OLD_CHARACTER_SET_CLIENT */;
/*!40101 SET CHARACTER_SET_RESULTS=@OLD_CHARACTER_SET_RESULTS */;
/*!40101 SET COLLATION_CONNECTION=@OLD_COLLATION_CONNECTION */;
